Элемент,Символ,Порядковый номер,Число протонов,Число электронов нейтрального атома,Период
Водород,H,1,1,1,1
Гелий,He,2,2,2,1
Литий,Li,3,3,3,2
Бериллий,Be,4,4,4,2
Бор,B,5,5,5,2
Углерод,C,6,6,6,2
Азот,N,7,7,7,2
Кислород,O,8,8,8,2
Фтор,F,9,9,9,2
Неон,Ne,10,10,10,2
Натрий,Na,11,11,11,3
Магний,Mg,12,12,12,3
Алюминий,Al,13,13,13,3
Кремний,Si,14,14,14,3
Фосфор,P,15,15,15,3
Сера,S,16,16,16,3
Хлор,Cl,17,17,17,3
Аргон,Ar,18,18,18,3
Калий,K,19,19,19,4
Кальций,Ca,20,20,20,4
Скандий,Sc,21,21,21,4
Титан,Ti,22,22,22,4
Ванадий,V,23,23,23,4
Хром,Cr,24,24,24,4
Марганец,Mn,25,25,25,4
Железо,Fe,26,26,26,4
Кобальт,Co,27,27,27,4
Никель,Ni,28,28,28,4
Медь,Cu,29,29,29,4
Цинк,Zn,30,30,30,4
Галлий,Ga,31,31,31,4
Германий,Ge,32,32,32,4
Мышьяк,As,33,33,33,4
Селен,Se,34,34,34,4
Бром,Br,35,35,35,4
Криптон,Kr,36,36,36,4
