Название,Формула,Класс
Оксид натрия,Na2O,основный оксид
Оксид кальция,CaO,основный оксид
Оксид магния,MgO,основный оксид
Оксид алюминия,Al2O3,амфотерный оксид
Оксид цинка,ZnO,амфотерный оксид
Диоксид углерода,CO2,кислотный оксид
Диоксид серы,SO2,кислотный оксид
Триоксид серы,SO3,кислотный оксид
Оксид фосфора(V),P2O5,кислотный оксид
Гидроксид натрия,NaOH,щёлочь
Гидроксид калия,KOH,щёлочь
Гидроксид кальция,Ca(OH)2,щёлочь
Гидроксид меди(II),Cu(OH)2,нерастворимое основание
Гидроксид железа(III),Fe(OH)3,нерастворимое основание
Гидроксид алюминия,Al(OH)3,амфотерный гидроксид
Соляная кислота,HCl,кислота
Серная кислота,H2SO4,кислота
Азотная кислота,HNO3,кислота
Фосфорная кислота,H3PO4,кислота
Угольная кислота,H2CO3,кислота
Хлорид натрия,NaCl,соль
Карбонат кальция,CaCO3,соль
Сульфат меди(II),CuSO4,соль
Нитрат калия,KNO3,соль
Фосфат натрия,Na3PO4,соль
Хлорид аммония,NH4Cl,соль
Карбонат натрия,Na2CO3,соль
Гидрокарбонат натрия,NaHCO3,соль
Сульфат бария,BaSO4,соль
Нитрат серебра,AgNO3,соль
