Вопрос,Ответ
"В коробке 11 одинаковых на ощупь шаров, из них 8 белых. Наугад вынимают один шар. Найдите вероятность того, что он белый.",0.7273
"В коробке 12 одинаковых на ощупь шаров, из них 4 белых. Наугад вынимают один шар. Найдите вероятность того, что он белый.",0.3333
"В коробке 13 одинаковых на ощупь шаров, из них 10 белых. Наугад вынимают один шар. Найдите вероятность того, что он белый.",0.7692
"В коробке 14 одинаковых на ощупь шаров, из них 3 белых. Наугад вынимают один шар. Найдите вероятность того, что он белый.",0.2143
"В коробке 15 одинаковых на ощупь шаров, из них 8 белых. Наугад вынимают один шар. Найдите вероятность того, что он белый.",0.5333
"В коробке 16 одинаковых на ощупь шаров, из них 13 белых. Наугад вынимают один шар. Найдите вероятность того, что он белый.",0.8125
"В коробке 17 одинаковых на ощупь шаров, из них 2 белых. Наугад вынимают один шар. Найдите вероятность того, что он белый.",0.1176
"В коробке 18 одинаковых на ощупь шаров, из них 6 белых. Наугад вынимают один шар. Найдите вероятность того, что он белый.",0.3333
"В коробке 19 одинаковых на ощупь шаров, из них 10 белых. Наугад вынимают один шар. Найдите вероятность того, что он белый.",0.5263
"В коробке 20 одинаковых на ощупь шаров, из них 14 белых. Наугад вынимают один шар. Найдите вероятность того, что он белый.",0.7
"В коробке 21 одинаковых на ощупь шаров, из них 18 белых. Наугад вынимают один шар. Найдите вероятность того, что он белый.",0.8571
"В коробке 22 одинаковых на ощупь шаров, из них 1 белых. Наугад вынимают один шар. Найдите вероятность того, что он белый.",0.0455
"В коробке 23 одинаковых на ощупь шаров, из них 4 белых. Наугад вынимают один шар. Найдите вероятность того, что он белый.",0.1739
"В коробке 24 одинаковых на ощупь шаров, из них 7 белых. Наугад вынимают один шар. Найдите вероятность того, что он белый.",0.2917
"В коробке 25 одинаковых на ощупь шаров, из них 10 белых. Наугад вынимают один шар. Найдите вероятность того, что он белый.",0.4
"В коробке 26 одинаковых на ощупь шаров, из них 13 белых. Наугад вынимают один шар. Найдите вероятность того, что он белый.",0.5
"В коробке 27 одинаковых на ощупь шаров, из них 16 белых. Наугад вынимают один шар. Найдите вероятность того, что он белый.",0.5926
"В коробке 28 одинаковых на ощупь шаров, из них 19 белых. Наугад вынимают один шар. Найдите вероятность того, что он белый.",0.6786
"В коробке 29 одинаковых на ощупь шаров, из них 22 белых. Наугад вынимают один шар. Найдите вероятность того, что он белый.",0.7586
"В коробке 30 одинаковых на ощупь шаров, из них 25 белых. Наугад вынимают один шар. Найдите вероятность того, что он белый.",0.8333
"В коробке 10 одинаковых на ощупь шаров, из них 4 белых. Наугад вынимают один шар. Найдите вероятность того, что он белый.",0.4
"В коробке 11 одинаковых на ощупь шаров, из них 5 белых. Наугад вынимают один шар. Найдите вероятность того, что он белый.",0.4545
"В коробке 12 одинаковых на ощупь шаров, из них 8 белых. Наугад вынимают один шар. Найдите вероятность того, что он белый.",0.6667
"В коробке 13 одинаковых на ощупь шаров, из них 1 белых. Наугад вынимают один шар. Найдите вероятность того, что он белый.",0.0769
"В коробке 14 одинаковых на ощупь шаров, из них 7 белых. Наугад вынимают один шар. Найдите вероятность того, что он белый.",0.5
"В коробке 15 одинаковых на ощупь шаров, из них 1 белых. Наугад вынимают один шар. Найдите вероятность того, что он белый.",0.0667
"В коробке 16 одинаковых на ощупь шаров, из них 10 белых. Наугад вынимают один шар. Найдите вероятность того, что он белый.",0.625
"В коробке 17 одинаковых на ощупь шаров, из них 5 белых. Наугад вынимают один шар. Найдите вероятность того, что он белый.",0.2941
"В коробке 18 одинаковых на ощупь шаров, из них 17 белых. Наугад вынимают один шар. Найдите вероятность того, что он белый.",0.9444
"В коробке 19 одинаковых на ощупь шаров, из них 13 белых. Наугад вынимают один шар. Найдите вероятность того, что он белый.",0.6842
"В коробке 20 одинаковых на ощупь шаров, из них 9 белых. Наугад вынимают один шар. Найдите вероятность того, что он белый.",0.45
"В коробке 21 одинаковых на ощупь шаров, из них 5 белых. Наугад вынимают один шар. Найдите вероятность того, что он белый.",0.2381
"В коробке 22 одинаковых на ощупь шаров, из них 1 белых. Наугад вынимают один шар. Найдите вероятность того, что он белый.",0.0455
"В коробке 23 одинаковых на ощупь шаров, из них 19 белых. Наугад вынимают один шар. Найдите вероятность того, что он белый.",0.8261
"В коробке 24 одинаковых на ощупь шаров, из них 16 белых. Наугад вынимают один шар. Найдите вероятность того, что он белый.",0.6667
"В коробке 25 одинаковых на ощупь шаров, из них 13 белых. Наугад вынимают один шар. Найдите вероятность того, что он белый.",0.52
"В коробке 26 одинаковых на ощупь шаров, из них 10 белых. Наугад вынимают один шар. Найдите вероятность того, что он белый.",0.3846
"В коробке 27 одинаковых на ощупь шаров, из них 7 белых. Наугад вынимают один шар. Найдите вероятность того, что он белый.",0.2593
"В коробке 28 одинаковых на ощупь шаров, из них 4 белых. Наугад вынимают один шар. Найдите вероятность того, что он белый.",0.1429
"В коробке 29 одинаковых на ощупь шаров, из них 1 белых. Наугад вынимают один шар. Найдите вероятность того, что он белый.",0.0345
"В коробке 30 одинаковых на ощупь шаров, из них 27 белых. Наугад вынимают один шар. Найдите вероятность того, что он белый.",0.9
"В коробке 10 одинаковых на ощупь шаров, из них 7 белых. Наугад вынимают один шар. Найдите вероятность того, что он белый.",0.7
"В коробке 11 одинаковых на ощупь шаров, из них 2 белых. Наугад вынимают один шар. Найдите вероятность того, что он белый.",0.1818
"В коробке 12 одинаковых на ощупь шаров, из них 1 белых. Наугад вынимают один шар. Найдите вероятность того, что он белый.",0.0833
"В коробке 13 одинаковых на ощупь шаров, из них 4 белых. Наугад вынимают один шар. Найдите вероятность того, что он белый.",0.3077
"В коробке 14 одинаковых на ощупь шаров, из них 11 белых. Наугад вынимают один шар. Найдите вероятность того, что он белый.",0.7857
"В коробке 15 одинаковых на ощупь шаров, из них 8 белых. Наугад вынимают один шар. Найдите вероятность того, что он белый.",0.5333
"В коробке 16 одинаковых на ощупь шаров, из них 7 белых. Наугад вынимают один шар. Найдите вероятность того, что он белый.",0.4375
"В коробке 17 одинаковых на ощупь шаров, из них 8 белых. Наугад вынимают один шар. Найдите вероятность того, что он белый.",0.4706
"В коробке 18 одинаковых на ощупь шаров, из них 11 белых. Наугад вынимают один шар. Найдите вероятность того, что он белый.",0.6111
"В коробке 19 одинаковых на ощупь шаров, из них 16 белых. Наугад вынимают один шар. Найдите вероятность того, что он белый.",0.8421
"В коробке 20 одинаковых на ощупь шаров, из них 4 белых. Наугад вынимают один шар. Найдите вероятность того, что он белый.",0.2
"В коробке 21 одинаковых на ощупь шаров, из них 12 белых. Наугад вынимают один шар. Найдите вероятность того, что он белый.",0.5714
"В коробке 22 одинаковых на ощупь шаров, из них 1 белых. Наугад вынимают один шар. Найдите вероятность того, что он белый.",0.0455
"В коробке 23 одинаковых на ощупь шаров, из них 12 белых. Наугад вынимают один шар. Найдите вероятность того, что он белый.",0.5217
"В коробке 24 одинаковых на ощупь шаров, из них 2 белых. Наугад вынимают один шар. Найдите вероятность того, что он белый.",0.0833
"В коробке 25 одинаковых на ощупь шаров, из них 16 белых. Наугад вынимают один шар. Найдите вероятность того, что он белый.",0.64
"В коробке 26 одинаковых на ощупь шаров, из них 7 белых. Наугад вынимают один шар. Найдите вероятность того, что он белый.",0.2692
"В коробке 27 одинаковых на ощупь шаров, из них 24 белых. Наугад вынимают один шар. Найдите вероятность того, что он белый.",0.8889
"В коробке 28 одинаковых на ощупь шаров, из них 16 белых. Наугад вынимают один шар. Найдите вероятность того, что он белый.",0.5714
Правильный 5-гранный игровой волчок имеет равновероятные сектора с номерами от 1 до 5. Найдите вероятность выпадения сектора 2.,0.2
Правильный 6-гранный игровой волчок имеет равновероятные сектора с номерами от 1 до 6. Найдите вероятность выпадения сектора 3.,0.1667
Правильный 7-гранный игровой волчок имеет равновероятные сектора с номерами от 1 до 7. Найдите вероятность выпадения сектора 4.,0.1429
Правильный 8-гранный игровой волчок имеет равновероятные сектора с номерами от 1 до 8. Найдите вероятность выпадения сектора 5.,0.125
Правильный 9-гранный игровой волчок имеет равновероятные сектора с номерами от 1 до 9. Найдите вероятность выпадения сектора 6.,0.1111
Правильный 10-гранный игровой волчок имеет равновероятные сектора с номерами от 1 до 10. Найдите вероятность выпадения сектора 7.,0.1
Правильный 11-гранный игровой волчок имеет равновероятные сектора с номерами от 1 до 11. Найдите вероятность выпадения сектора 8.,0.0909
Правильный 12-гранный игровой волчок имеет равновероятные сектора с номерами от 1 до 12. Найдите вероятность выпадения сектора 9.,0.0833
Правильный 4-гранный игровой волчок имеет равновероятные сектора с номерами от 1 до 4. Найдите вероятность выпадения сектора 2.,0.25
Правильный 5-гранный игровой волчок имеет равновероятные сектора с номерами от 1 до 5. Найдите вероятность выпадения сектора 1.,0.2
Правильный 6-гранный игровой волчок имеет равновероятные сектора с номерами от 1 до 6. Найдите вероятность выпадения сектора 6.,0.1667
Правильный 7-гранный игровой волчок имеет равновероятные сектора с номерами от 1 до 7. Найдите вероятность выпадения сектора 6.,0.1429
Правильный 8-гранный игровой волчок имеет равновероятные сектора с номерами от 1 до 8. Найдите вероятность выпадения сектора 6.,0.125
Правильный 9-гранный игровой волчок имеет равновероятные сектора с номерами от 1 до 9. Найдите вероятность выпадения сектора 6.,0.1111
Правильный 10-гранный игровой волчок имеет равновероятные сектора с номерами от 1 до 10. Найдите вероятность выпадения сектора 6.,0.1
Правильный 11-гранный игровой волчок имеет равновероятные сектора с номерами от 1 до 11. Найдите вероятность выпадения сектора 6.,0.0909
Правильный 12-гранный игровой волчок имеет равновероятные сектора с номерами от 1 до 12. Найдите вероятность выпадения сектора 6.,0.0833
Правильный 4-гранный игровой волчок имеет равновероятные сектора с номерами от 1 до 4. Найдите вероятность выпадения сектора 3.,0.25
Правильный 5-гранный игровой волчок имеет равновероятные сектора с номерами от 1 до 5. Найдите вероятность выпадения сектора 5.,0.2
Правильный 6-гранный игровой волчок имеет равновероятные сектора с номерами от 1 до 6. Найдите вероятность выпадения сектора 3.,0.1667
Правильный 7-гранный игровой волчок имеет равновероятные сектора с номерами от 1 до 7. Найдите вероятность выпадения сектора 1.,0.1429
Правильный 8-гранный игровой волчок имеет равновероятные сектора с номерами от 1 до 8. Найдите вероятность выпадения сектора 7.,0.125
Правильный 9-гранный игровой волчок имеет равновероятные сектора с номерами от 1 до 9. Найдите вероятность выпадения сектора 6.,0.1111
Правильный 10-гранный игровой волчок имеет равновероятные сектора с номерами от 1 до 10. Найдите вероятность выпадения сектора 5.,0.1
Правильный 11-гранный игровой волчок имеет равновероятные сектора с номерами от 1 до 11. Найдите вероятность выпадения сектора 4.,0.0909
Правильный 12-гранный игровой волчок имеет равновероятные сектора с номерами от 1 до 12. Найдите вероятность выпадения сектора 3.,0.0833
Правильный 4-гранный игровой волчок имеет равновероятные сектора с номерами от 1 до 4. Найдите вероятность выпадения сектора 4.,0.25
Правильный 5-гранный игровой волчок имеет равновероятные сектора с номерами от 1 до 5. Найдите вероятность выпадения сектора 4.,0.2
Правильный 6-гранный игровой волчок имеет равновероятные сектора с номерами от 1 до 6. Найдите вероятность выпадения сектора 6.,0.1667
Правильный 7-гранный игровой волчок имеет равновероятные сектора с номерами от 1 до 7. Найдите вероятность выпадения сектора 3.,0.1429
Правильный 8-гранный игровой волчок имеет равновероятные сектора с номерами от 1 до 8. Найдите вероятность выпадения сектора 8.,0.125
Правильный 9-гранный игровой волчок имеет равновероятные сектора с номерами от 1 до 9. Найдите вероятность выпадения сектора 6.,0.1111
Правильный 10-гранный игровой волчок имеет равновероятные сектора с номерами от 1 до 10. Найдите вероятность выпадения сектора 4.,0.1
Правильный 11-гранный игровой волчок имеет равновероятные сектора с номерами от 1 до 11. Найдите вероятность выпадения сектора 2.,0.0909
Правильный 12-гранный игровой волчок имеет равновероятные сектора с номерами от 1 до 12. Найдите вероятность выпадения сектора 12.,0.0833
Правильный 4-гранный игровой волчок имеет равновероятные сектора с номерами от 1 до 4. Найдите вероятность выпадения сектора 1.,0.25
Правильный 5-гранный игровой волчок имеет равновероятные сектора с номерами от 1 до 5. Найдите вероятность выпадения сектора 3.,0.2
Правильный 6-гранный игровой волчок имеет равновероятные сектора с номерами от 1 до 6. Найдите вероятность выпадения сектора 3.,0.1667
Правильный 7-гранный игровой волчок имеет равновероятные сектора с номерами от 1 до 7. Найдите вероятность выпадения сектора 5.,0.1429
Правильный 8-гранный игровой волчок имеет равновероятные сектора с номерами от 1 до 8. Найдите вероятность выпадения сектора 1.,0.125
Правильный 9-гранный игровой волчок имеет равновероятные сектора с номерами от 1 до 9. Найдите вероятность выпадения сектора 6.,0.1111
Правильный 10-гранный игровой волчок имеет равновероятные сектора с номерами от 1 до 10. Найдите вероятность выпадения сектора 3.,0.1
Правильный 11-гранный игровой волчок имеет равновероятные сектора с номерами от 1 до 11. Найдите вероятность выпадения сектора 11.,0.0909
Правильный 12-гранный игровой волчок имеет равновероятные сектора с номерами от 1 до 12. Найдите вероятность выпадения сектора 9.,0.0833
Правильный 4-гранный игровой волчок имеет равновероятные сектора с номерами от 1 до 4. Найдите вероятность выпадения сектора 2.,0.25
Правильный 5-гранный игровой волчок имеет равновероятные сектора с номерами от 1 до 5. Найдите вероятность выпадения сектора 2.,0.2
Правильный 6-гранный игровой волчок имеет равновероятные сектора с номерами от 1 до 6. Найдите вероятность выпадения сектора 6.,0.1667
Правильный 7-гранный игровой волчок имеет равновероятные сектора с номерами от 1 до 7. Найдите вероятность выпадения сектора 7.,0.1429
Правильный 8-гранный игровой волчок имеет равновероятные сектора с номерами от 1 до 8. Найдите вероятность выпадения сектора 2.,0.125
Правильный 9-гранный игровой волчок имеет равновероятные сектора с номерами от 1 до 9. Найдите вероятность выпадения сектора 6.,0.1111
Правильный 10-гранный игровой волчок имеет равновероятные сектора с номерами от 1 до 10. Найдите вероятность выпадения сектора 2.,0.1
Правильный 11-гранный игровой волчок имеет равновероятные сектора с номерами от 1 до 11. Найдите вероятность выпадения сектора 9.,0.0909
Правильный 12-гранный игровой волчок имеет равновероятные сектора с номерами от 1 до 12. Найдите вероятность выпадения сектора 6.,0.0833
Правильный 4-гранный игровой волчок имеет равновероятные сектора с номерами от 1 до 4. Найдите вероятность выпадения сектора 3.,0.25
Правильный 5-гранный игровой волчок имеет равновероятные сектора с номерами от 1 до 5. Найдите вероятность выпадения сектора 1.,0.2
Правильный 6-гранный игровой волчок имеет равновероятные сектора с номерами от 1 до 6. Найдите вероятность выпадения сектора 3.,0.1667
Правильный 7-гранный игровой волчок имеет равновероятные сектора с номерами от 1 до 7. Найдите вероятность выпадения сектора 2.,0.1429
Правильный 8-гранный игровой волчок имеет равновероятные сектора с номерами от 1 до 8. Найдите вероятность выпадения сектора 3.,0.125
Правильный 9-гранный игровой волчок имеет равновероятные сектора с номерами от 1 до 9. Найдите вероятность выпадения сектора 6.,0.1111
Правильный 10-гранный игровой волчок имеет равновероятные сектора с номерами от 1 до 10. Найдите вероятность выпадения сектора 1.,0.1
