Название	Формула	Раздел
Квадрат суммы	(a+b)^2=a^2+2ab+b^2	Алгебра
Квадрат разности	(a-b)^2=a^2-2ab+b^2	Алгебра
Разность квадратов	a^2-b^2=(a-b)(a+b)	Алгебра
Дискриминант	D=b^2-4ac	Квадратные уравнения
Корни квадратного уравнения	x=(-b±√D)/(2a)	Квадратные уравнения
Арифметическая прогрессия	a_n=a_1+(n-1)d	Последовательности
Сумма арифметической прогрессии	S_n=(a_1+a_n)n/2	Последовательности
Геометрическая прогрессия	b_n=b_1q^(n-1)	Последовательности
Сумма геометрической прогрессии	S_n=b_1(q^n-1)/(q-1)	Последовательности
Теорема Пифагора	c^2=a^2+b^2	Планиметрия
Площадь треугольника	S=ah/2	Планиметрия
Площадь через синус	S=ab·sin(C)/2	Планиметрия
Формула Герона	S=√(p(p-a)(p-b)(p-c))	Планиметрия
Длина окружности	L=2πR	Планиметрия
Площадь круга	S=πR^2	Планиметрия
Теорема косинусов	c^2=a^2+b^2-2ab·cos(C)	Планиметрия
Теорема синусов	a/sin(A)=b/sin(B)=c/sin(C)=2R	Планиметрия
Объём призмы	V=S_осн·h	Стереометрия
Объём пирамиды	V=S_осн·h/3	Стереометрия
Объём цилиндра	V=πR^2h	Стереометрия
Объём конуса	V=πR^2h/3	Стереометрия
Объём шара	V=4πR^3/3	Стереометрия
Производная степени	(x^n)′=n·x^(n-1)	Производная
Производная синуса	(sin x)′=cos x	Производная
Производная косинуса	(cos x)′=-sin x	Производная
Производная экспоненты	(e^x)′=e^x	Производная
Производная логарифма	(ln x)′=1/x	Производная
Основное тригонометрическое тождество	sin^2 x+cos^2 x=1	Тригонометрия
Тангенс	tg x=sin x/cos x	Тригонометрия
Логарифм произведения	log_a(xy)=log_a x+log_a y	Логарифмы
Логарифм частного	log_a(x/y)=log_a x-log_a y	Логарифмы
Логарифм степени	log_a(x^k)=k log_a x	Логарифмы
